Preliminary Research/Proposal,3/5/2014 0:00:00,3/5/2014 2:00:00
Preliminary Research/Proposal,3/6/2014 0:00:00,3/6/2014 3:00:00
Preliminary Research/Proposal,3/7/2014 0:00:00,3/7/2014 0:05:00
Preliminary Research/Proposal,2014/03/08 08:12:46,2014/03/08 08:16:55
Preliminary Research/Proposal,2014/03/08 08:26:51,2014/03/08 08:35:59
Preliminary Research/Proposal,2014/03/08 13:14:52,2014/03/08 14:46:36
Preliminary Research/Proposal,2014/03/08 15:18:17,2014/03/08 15:53:10
Preliminary Research/Proposal,2014/03/08 15:55:00,2014/03/08 16:11:52
Preliminary Research/Proposal,2014/03/08 16:11:52,2014/03/08 16:12:26
Preliminary Research/Proposal,2014/03/08 16:24:09,2014/03/08 17:15:15
Preliminary Research/Proposal,2014/03/08 17:25:32,2014/03/08 18:17:28
Preliminary Research/Proposal,2014/03/08 20:50:01,2014/03/08 22:03:32
Preliminary Research/Proposal,2014/03/10 19:38:15,2014/03/10 19:42:24
Preliminary Research/Proposal,2014/03/10 20:00:00,2014/03/10 20:54:22
Preliminary Research/Proposal,2014/03/10 21:00:55,2014/03/10 21:19:36
Preliminary Research/Proposal,2014/03/10 21:20:15,2014/03/10 21:23:47
Preliminary Research/Proposal,2014/03/11 18:15:10,2014/03/11 18:41:51
Preliminary Research/Proposal,2014/03/11 18:41:55,
